Company,Product,Rate,Product Discount,Discounted Rate,Packets/Carton,Pieces/Packet,Stock Out,Multiple,Discount Editable,secondary_Discount,qualifying_Qty,additional_Secondary_Discount,additional_Qualifying_Qty,secondary_Available,Margin
Parle,Black Bourboon Choco 100gm (1*36) Mrp65,58.2967,,58.30,,36,TRUE,1,NO,,,,,FALSE,
Parle,Black Bourboon Vanilla 100gm(1*36) Mrp65,58.2967,,58.30,,36,FALSE,1,NO,,,,,FALSE,
Parle,Butter 20-20 25+5gm (1*144) Mrp 9,8.0682,5,7.66,12,12,TRUE,12,NO,,,,,FALSE,
Parle,Butter Cookies 200gm (1*50) Mrp 60,53.8219,,53.82,,50,TRUE,1,NO,,,,,FALSE,
Parle,Cashew 20-20 200gm (1x50) Mrp 70,62.7828,,62.78,,50,FALSE,1,NO,,,,,FALSE,
Parle,Cashew 20-20 60gm (1*144) Mrp20,17.9444,5,17.05,12,12,FALSE,12,NO,,,,,FALSE,
Parle,Cashew 20-20 75gm (1*72) Mrp25,22.4305,5,21.31,6,12,FALSE,1,NO,,,,,FALSE,
Parle,Chocolate Cream 105gm(1case*72pc) Mrp20,18.0009,,18.00,,72,TRUE,1,NO,,,,,FALSE,
Parle,Ellachi Gold 75gm (1x72) Mrp20,18.0009,,18.00,,72,FALSE,1,NO,,,,,FALSE,
Parle,Ellachi Kream 25+12.5gm (1*144) Mrp10,8.9948,,8.99,12,12,TRUE,12,NO,,,,,FALSE,
Parle,Gauva Candy 280gm (1*24),83.3714,,83.37,,24,FALSE,1,NO,,,,,FALSE,
Parle,Gauva Candy 840gm (1*12 Jars),250.0464,,250.05,,12,TRUE,1,NO,,,,,FALSE,
Parle,Gauva Chilli 700gm (1*12 Jars),208.3946,,208.39,,12,FALSE,1,NO,,,,,FALSE,
Parle,H&s American Butter 200gm (1*36) Mrp100,89.6881,,89.69,,36,TRUE,1,NO,,,,,FALSE,
Parle,H&s Bourbon 60gm (1x120) Mrp20,17.94,,17.94,10,12,FALSE,12,NO,,,,,FALSE,
Parle,H&s Bourbon 30gm (1x12 Jars) Mrp10,8.97,,8.97,12,25,TRUE,25,NO,,,,,FALSE,
Parle,H&s Cf Murano 75gm (1*48) Mrp100,89.69,,89.69,,48,FALSE,1,NO,,,,,FALSE,
Parle,H&S CF Choco and Hazel 60g (1*48) Mrp. 100,89.69,,89.69,,48,TRUE,1,NO,,,,,FALSE,
Parle,H&s Choco 412.5gm (1*12) Mrp250,224.2146,,224.21,,12,TRUE,1,NO,,,,,FALSE,
Parle,H&s Choco Roll 125gm (1*48) Mrp125,112.1073,,112.11,,48,FALSE,1,NO,,,,,FALSE,
Parle,H&s Fab 25gm Oraange 1*12 Mrp15,403.5908,,403.59,,12,TRUE,1,NO,,,,,FALSE,
Parle,H&s Fab 25gm Vanilla 1*12 Mrp15,403.5908,,403.59,,12,TRUE,1,NO,,,,,FALSE,
Parle,H&s Fab 25gm Straw 1*12 Mrp15,403.5908,,403.59,,12,TRUE,1,NO,,,,,FALSE,
Parle,H&s Fab Choco 112gm (1x60) Mrp 65,58.308,,58.31,,60,TRUE,1,NO,,,,,FALSE,
Parle,H&s Fab Straw 112gm (1x60) Mrp 65,58.308,,58.31,,60,TRUE,1,NO,,,,,FALSE,
Parle,Happy Happy 150g 1*36 Mrp50,44.8497,5,42.61,5,36,FALSE,1,NO,,,,,FALSE,
Parle,Happy Happy 60gm (1*96) Mrp 19,17.0404,,17.04,8,12,FALSE,12,NO,,,,,FALSE,
Parle,Hide & Seek 121gm (1*72) Mrp 75,67.26,,67.26,,72,FALSE,1,NO,,,,,FALSE,
Parle,Hide & Seek Jar 22gm (1*12) Mrp15,363.2611,,363.26,,12,FALSE,1,NO,,,,,FALSE,
Parle,Imli Candy 280gm (1*24),83.3714,,83.37,,24,FALSE,1,NO,,,,,FALSE,
Parle,Jam- In 150gm (1x30) Mrp70,62.7828,,62.78,,30,TRUE,1,NO,,,,,FALSE,
Parle,Kachha Mango 198gm (1x24),104.17,,104.17,,24,TRUE,1,NO,,,,,FALSE,
Parle,Krack Jack 200gm (1*40) Mrp 90,80.72,,80.72,,40,TRUE,1,NO,,,,,FALSE,
Parle,Kream Gold Choco 333.3gm (1*12) Mrp100,89.69,,89.69,,12,TRUE,1,NO,,,,,FALSE,
Parle,Londan Darry 198gm (1x24),104.17,,104.17,,24,TRUE,1,NO,,,,,FALSE,
Parle,Magix Choco 60gm(1*144) Mrp15,12.5543,,12.55,12,12,TRUE,12,NO,,,,,FALSE,
Parle,Mango Bite 280gm (1x24),83.3714,,83.37,,24,FALSE,1,NO,,,,,FALSE,
Parle,Mango Bite 560gm (1*12),166.67,,166.67,,12,FALSE,1,NO,,,,,FALSE,
Parle,Mango Bite 750gm (1*12),208.33,,208.33,,12,TRUE,1,NO,,,,,FALSE,
Parle,Marie 100gm (1*60pc) Mrp25,22.4192,,22.42,6,10,FALSE,10,NO,,,,,FALSE,
Parle,Marie 25+20gm (1*10) (1x120) Rs10,8.9948,,8.99,12,10,FALSE,10,NO,,,,,FALSE,
Parle,Mazelo 198gm (1x24),104.17,,104.17,,24,FALSE,1,NO,,,,,FALSE,
Parle,Melody Chocolate 195.5gm (1x32),104.17,,104.17,,32,TRUE,1,NO,,,,,FALSE,
Parle,Monaco 25+9.8gm (1*96) Mrp10,8.9948,,8.99,8,12,FALSE,12,NO,,,,,FALSE,
Parle,Monaco 75gm (1x60) Mrp 25,22.4192,,22.42,,60,FALSE,1,NO,,,,,FALSE,
Parle,Monaco Cheesling Jar 150gm (1*30) Mrp 125,112.1073,,112.11,,30,TRUE,1,NO,,,,,FALSE,
Parle,Monaco Pizza 120gm (1*40) Mrp 70,62.7828,,62.78,,40,TRUE,1,NO,,,,,FALSE,
Parle,Monaco Sixer Jar 200gm (1*30) Mrp 150,134.5604,,134.56,,30,TRUE,1,NO,,,,,FALSE,
Parle,Murano Choco 75gm (1*48) Mrp 100,89.6881,,89.69,,48,TRUE,1,NO,,,,,FALSE,
Parle,Nice 75gm (1*80) Mrp 30,26.91,,26.91,,80,TRUE,1,NO,,,,,FALSE,
Parle,Nutr Banana Cin Oat 75gm (1*60) Mrp 100,89.6881,,89.69,,60,FALSE,1,NO,,,,,FALSE,
Parle,Nutr Choco Nut Oat 75gm (1*60) Mrp 100,89.6881,,89.69,,60,FALSE,1,NO,,,,,FALSE,
Parle,Nutr Cran Nut Oat 75gm (1*60) Mrp 100,89.6881,,89.69,,60,FALSE,1,NO,,,,,FALSE,
Parle,Nutri Crunch Cracker 200gm (1*20) Mrp 90,80.72,,80.72,,20,FALSE,1,NO,,,,,FALSE,
Parle,Nutrivrunch Digestive 200gm (1*30) Mrp100,89.69,,89.69,,30,FALSE,1,NO,,,,,FALSE,
Parle,Orange Bite 300gm (1*24),83.3714,,83.37,,24,FALSE,1,NO,,,,,FALSE,
Parle,Orange Bite 560gm (1*12),166.67,,166.67,,12,FALSE,1,NO,,,,,FALSE,
Parle,Orange Cream 75gm (1*72) Mrp20,17.9444,,17.94,,72,FALSE,1,NO,,,,,FALSE,
Parle,Orange Kream 25gm (1*144) Mrp 9,8.0682,,8.07,12,12,FALSE,12,NO,,,,,FALSE,
Parle,Parle G 21gm (1*360),4.48,,4.48,12,30,FALSE,30,NO,,,,,FALSE,
Parle,Parle-g 75+16gm (1*60) Mrp 19,17.0404,,17.04,,60,FALSE,1,NO,,,,,FALSE,
Parle,Parle-g Cinnamon 300gm (1*28) Mrp150,134.53,,134.53,,28,TRUE,1,NO,,,,,FALSE,
Parle,Parle-g Cinnamon 93.75GX72P Mrp50,44.84304933,,44.84,,72,TRUE,1,NO,,,,,FALSE,
Parle,Parle-g Gold 100gm (1*72) Mrp25,22.4305,,22.43,6,12,FALSE,1,NO,,,,,FALSE,
Parle,Parle-g Oats & Berri 93.75gm (1*72) Mrp50,44.843,,44.84,3,24,TRUE,1,NO,,,,,FALSE,
Parle,Rola.a Cola 300gm (1*24) Mrp 150,125,,125.00,,24,FALSE,1,NO,,,,,FALSE,
Parle,Rola.a Cola 800gm (1*12) Mrp 400,333.33,,333.33,,12,FALSE,1,NO,,,,,FALSE,
Parle,Royale 360gm (1*20) Mrp 200,179.4,,179.40,,20,TRUE,1,NO,,,,,FALSE,
Parle,Rusk 182gm (1*36) Mrp 85,76.2298,,76.23,,36,TRUE,1,NO,,,,,FALSE,
Parle,Saunf Rusk 182gm (1*36) Mrp 85,76.2298,,76.23,,36,TRUE,1,NO,,,,,FALSE,
Parle,Saunf Rusk 546g (1*12) Mrp 250,224.22,,224.22,,12,TRUE,1,NO,,,,,FALSE,
Parle,Top 200gm (1*40) Mrp 60,53.8332,,53.83,,40,FALSE,1,NO,,,,,FALSE,
Parle,Monaco 300gm (1*20) Mrp 100,89.69,,89.69,,20,FALSE,1,NO,,,,,FALSE,
Parle,Butter Cookies 150gm (1*50) Mrp 50,44.843,5,42.60,,50,FALSE,1,NO,,,,,FALSE,
Parle,Nice 150gm (1*48) Mrp 60,53.83,,53.83,,48,TRUE,1,NO,,,,,FALSE,
Parle,Parle-g Oats & Berri 300gm (1*28) Mrp160,143.5,,143.50,,28,TRUE,1,NO,,,,,FALSE,
Manakamana,Nimbu Fresh 250ml (1*16) Mrp 50,45.95,,45.95,16,1,FALSE,1,NO,,,,,FALSE,
Manakamana,Lichee Drink 250ml (1*16) Mrp 50,45.95,,45.95,16,1,FALSE,1,NO,,,,,FALSE,
Manakamana,Shikanji Masala 250ml (1*16) Mrp 50,45.95,,45.95,16,1,FALSE,1,NO,,,,,FALSE,
Manakamana,Class Soda 250ml (1*16) Mrp 50,45.95,,45.95,16,1,FALSE,1,NO,,,,,FALSE,
Manakamana,Peach Masti 250ml (1*16) Mrp 50,45.95,,45.95,16,1,FALSE,1,NO,,,,,FALSE,
Manakamana,Mint Lemonade 250ml (1*16) Mrp 50,45.95,,45.95,16,1,FALSE,1,NO,,,,,FALSE,
Manakamana,Nimbu Fresh 500ml (1*12) Mrp 85,77.5,,77.50,12,1,FALSE,1,NO,,,,,FALSE,
Manakamana,Nimbu Fresh 1000ml (1*6) Mrp 130,119.17,,119.17,6,1,FALSE,1,NO,,,,,FALSE,
Manakamana,Nimbu Fresh 2250ml (1*6) Mrp 270,254.5,,254.50,6,1,FALSE,1,NO,,,,,FALSE,
Manakamana,Class Soda 500ml (1*12) Mrp 70,64.17,,64.17,12,1,FALSE,1,NO,,,,,FALSE,
Manakamana,Free Nimbu Fresh 250ml,0,,0.00,16,1,FALSE,1,NO,,,,,FALSE,
Manakamana,Free Lichee Drink 250ml,0,,0.00,16,1,FALSE,1,NO,,,,,FALSE,
Manakamana,Free Shikanji Masala 250ml,0,,0.00,16,1,FALSE,1,NO,,,,,FALSE,
Manakamana,Free Class Soda 250ml,0,,0.00,16,1,FALSE,1,NO,,,,,FALSE,
Manakamana,Free Peach Masti 250ml,0,,0.00,16,1,FALSE,1,NO,,,,,FALSE,
Manakamana,Free Mint Lemonade 250ml ,0,,0.00,16,1,FALSE,1,NO,,,,,FALSE,
Manakamana,Free Nimbu Fresh 500ml ,0,,0.00,12,1,FALSE,1,NO,,,,,FALSE,
Manakamana,Free Nimbu Fresh 1000ml ,0,,0.00,6,1,FALSE,1,NO,,,,,FALSE,
Manakamana,Free Nimbu Fresh 2250ml ,0,,0.00,6,1,FALSE,1,NO,,,,,FALSE,
Manakamana,Free Class Soda 500ml ,0,,0.00,12,1,FALSE,1,NO,,,,,FALSE,
Jasmine,Jasmine Chilly 500gm (1*50) Mrp 350,284.44,,284.44,50,1,FALSE,1,YES,,,,,FALSE,
Jasmine,Jasmine Chilly 200gm (1*10)(1*100) Mrp 150,113.76,,113.76,10,100,FALSE,10,YES,,,,,FALSE,
Jasmine,Jasmine Chilly 100gm (1*20)(1*200) Mrp 75,56.88,,56.88,10,20,FALSE,20,YES,,,,,FALSE,
Jasmine,Jasmine Chilly 25gm (1*25)(1*500) Mrp 25,18.79,,18.79,20,25,FALSE,25,YES,,,,,FALSE,
Jasmine,Jasmine Kasmiri Mirch 50gm (1*200) Mrp 120,81.27,,81.27,200,1,FALSE,1,YES,,,,,FALSE,
Jasmine,Jasmine Mix Masala 500gm (1*50) Mrp 345,280,,280.00,50,1,TRUE,1,YES,,,,,FALSE,
Jasmine,Jasmine Mix Masala 200gm (1*10)(1*100) Mrp 140,111.99,,111.99,10,10,TRUE,10,YES,,,,,FALSE,
Jasmine,Jasmine Mix Masala 100gm (1*20)(1*200) Mrp 70,56,,56.00,10,20,TRUE,20,YES,,,,,FALSE,
Jasmine,Jasmine Mix Masala 25gm (1*25)(1*500) Mrp 25,18.79,,18.79,20,25,FALSE,25,YES,,,,,FALSE,
Jasmine,Jasmine Meat Masala 50gm (1*200) Mrp 70,47.5,,47.50,200,1,FALSE,1,YES,,,,,FALSE,
Jasmine,Jasmine Chicken Masala 50gm (1*200) Mrp 70,47.5,,47.50,200,1,FALSE,1,YES,,,,,FALSE,
Jasmine,Jasmine Momo Masala 50gm (1*200) Mrp 70,47.5,,47.50,200,1,FALSE,1,YES,,,,,FALSE,
Jasmine,Jasmine Turmeric 500gm (1*50) Mrp 315,258.5,,258.50,40,1,FALSE,1,YES,,,,,FALSE,
Jasmine,Jasmine Turmeric 200gm (1*10)(1*100) Mrp 125,103.4,,103.40,10,10,FALSE,10,YES,,,,,FALSE,
Jasmine,Jasmine Turmeric 100gm (1*20)(1*200) Mrp 65,51.7,,51.70,10,20,FALSE,20,YES,,,,,FALSE,
Jasmine,Jasmine Turmeric 25gm (1*25)(1*500) Mrp 25,18.8,,18.80,20,25,FALSE,25,YES,,,,,FALSE,
Bimal Trade,Nabil SF DIgestive 250 gm Mrp 250 (1*24),220,,220.00,24,1,FALSE,1,NO,,,,,FALSE,
Bimal Trade,Gusto Donut - Caramel Mrp 40 (1*24)(1*144),35,,35.00,6,24,FALSE,24,NO,,,,,FALSE,
Bimal Trade,Gusto Roll - Banana Mrp 40 (1*24)(1*144),35,,35.00,6,24,FALSE,24,NO,,,,,FALSE,
Bimal Trade,Gusto Roll - Strawberry Mrp 40 (1*24)(1*144),35,,35.00,6,24,FALSE,24,NO,,,,,FALSE,
Bimal Trade,Gusto Roll - Milk Mrp 40 (1*24)(1*144),35,,35.00,6,24,FALSE,24,NO,,,,,FALSE,
Amrapali,Amrapali Recharge 330 ML (1*24),84.56232583,,84.56,24,1,TRUE,1,NO,,,,,FALSE,
Amrapali,Amrapali Kool Badam Drink 180 ML (1*48),64.1667675,,64.17,48,1,FALSE,1,NO,,,,,FALSE,
Amrapali,Kool Mango 180ML (1*30),16.86668133,,16.87,30,1,FALSE,1,NO,,,,,FALSE,
Amrapali,Kool Apple Drink 180ML (1*30),16.86668133,,16.87,30,1,FALSE,1,NO,,,,,FALSE,
Amrapali,Kool Guava Drink 180ML (1*30),16.86668133,,16.87,30,1,FALSE,1,NO,,,,,FALSE,
Amrapali,Kool Pineapple Drink 180ML(1 *30),16.86668133,,16.87,30,1,FALSE,1,NO,,,,,FALSE,
Amrapali,Kool Litchi Drink 125ML (1*72),13.29164069,,13.29,72,1,FALSE,1,NO,,,,,FALSE,
Amrapali,KOOL-COCO BLACK CURRANT 320 ML (1*24),101.8519379,,101.85,24,1,FALSE,1,NO,,,,,FALSE,
Amrapali,KOOL-COCO MANGO DRINKS 320 ML (1*24),101.8519379,,101.85,24,1,FALSE,1,NO,,,,,FALSE,
Amrapali,KOOL-COCO KIWI 320 ML (1*24),101.8519379,,101.85,24,1,FALSE,1,NO,,,,,FALSE,
Amrapali,KOOL-COCO LITCHI DRINKS 320 ML (1*24),101.8519379,,101.85,24,1,FALSE,1,NO,,,,,FALSE,
Amrapali,KOOL-COCO PINEAPPLE DRINKS 320 ML (1*24),101.8519379,,101.85,24,1,FALSE,1,NO,,,,,FALSE,
Parle,Hide & Seek 82.5gm (1*60) Mrp 50,44.843,,44.84,60,1,TRUE,1,NO,,,,,FALSE,
Parle,Nutrivrunch Digestive 100gm (1*60) Mrp40,35.9,,35.90,60,1,TRUE,1,NO,,,,,FALSE,
Parle,Ellachi Kream 30gm (1*144) Mrp9,8.0682,,8.07,12,12,FALSE,12,NO,,,,,FALSE,
Amrapali,Ruchi Mango 180 ML (1*30),16.13,,16.13,30,1,FALSE,1,NO,,,,,FALSE,
Amrapali,Red Rhino 250 ML (1* 24),64.17,,64.17,24,1,FALSE,1,NO,,,,,FALSE,
Godrej,Aer Spray Lush Green 220ml - MRP 99 (1*24),137.868588,10,124.08,24,1,FALSE,1,NO,2,1,,,TRUE,
Godrej,Aer Spray Jasmine Delight 220ml - MRP 99 (1*24),137.868588,10,124.08,24,1,FALSE,1,NO,2,1,,,TRUE,
Godrej,Aer spray musk - 220ml - MRP 99 (1*24),137.868588,10,124.08,24,1,FALSE,1,NO,2,1,,,TRUE,
Godrej,Aer Spray Rose Blossom 220ml MRP 99 (1*24),137.868588,10,124.08,24,1,FALSE,1,NO,2,1,,,TRUE,
Godrej,Aer Spray Lavender Bloom 220ml MRP 99 (1*24),137.868588,10,124.08,24,1,FALSE,1,NO,2,1,,,TRUE,
Godrej,AER MATIC COMBI-VT VL BLM 210 ML (1*6),764.543988,10,688.09,6,1,FALSE,1,NO,3,1,,,TRUE,
Godrej,AER MATIC COMBI-PINK 210ML (1*6),764.543988,10,688.09,6,1,FALSE,1,NO,3,1,,,TRUE,
Godrej,AER MATIC COMBI-BLUE 210ML (1*6),764.543988,10,688.09,6,1,FALSE,1,NO,3,1,,,TRUE,
Godrej,RICH CREAM 11 GM BURGUNDY - MINI PACK (1*10)(1*240),20.893248,12,18.39,240,1,FALSE,10,NO,3,1,,,TRUE,
Godrej,RICH CREAM 11GM NAT. BLACK - MINI PACK (1*10)(1*240),20.893248,12,18.39,240,1,FALSE,10,NO,3,1,,,TRUE,
Godrej,RICH CREAM DARK. BROWN INR 37 (1*10)(1*240),51.525288,13,44.83,240,1,FALSE,10,NO,3,1,,,TRUE,
Godrej,RICH CREAM NAT. BROWN INR 37 (1*10)(1*240),51.525288,13,44.83,240,1,FALSE,10,NO,3,1,,,TRUE,
Godrej,RICH CREAM NAT. BLACK INR 37 (1*10)(1*240),51.525288,13,44.83,240,1,FALSE,10,NO,3,1,,,TRUE,
Godrej,PHC BLACK- MRP 220 (1*90),306.369216,12,269.60,90,1,FALSE,1,NO,2,1,,,TRUE,
Godrej,NUPUR MEHANDI 500 GM MRP 230 (1*24),320.29,4,307.48,24,1,FALSE,1,NO,3,1,,,TRUE,
Godrej,NUPUR MEHANDI 75 GM MRP-40 (1*180),55.699056,8,51.24,180,1,TRUE,1,NO,3,1,,,TRUE,
Godrej,Aer Spray Cool Aqua 220ml (MRP 99)  (1*24),137.868588,10,124.08,24,1,FALSE,1,NO,2,1,,,TRUE,
Godrej,NUPUR MEHANDI 150 GM (MRP 80)  (1*72),111.410316,4,106.95,72,1,FALSE,1,NO,3,1,,,TRUE,
Godrej,EXPERT EASY 5 MIN HAIR COLOUR-NAT BLACK (SELFIE) (1*10)(1*360),20.893248,15,17.76,360,1,FALSE,10,NO,3,1,,,TRUE,
Godrej,PROTEKT GERM FIGHT HANDWASH REFILL BLUE 725 ML MRP-99 (1*18),144.14,10,129.73,18,1,TRUE,1,NO,3,1,,,TRUE,
Godrej,PROTEKT GERM FIGHT HANDWASH REFILL LIME & EUCALYPTUS 725 ML (MRP-99) (1*18),144.14,10,129.73,18,1,TRUE,1,NO,3,1,,,TRUE,
Godrej,NO. 1 SOAP 100GM (SANDAL & TURMERIC) PO4 - NPR 160 (1*4)(1*36),36.364869,15,30.91,36,4,FALSE,4,NO,3,1,,,TRUE,
Godrej,NO. 1 SOAP 100GM (ROSEWATER & ALMOND) PO4 - NPR 160 (1*4)(1*36),36.364869,15,30.91,36,4,FALSE,4,NO,3,1,,,TRUE,
Godrej,HIT CHALK -MRP 20 (1*12)(1*360),29.12,16.67,24.27,360,1,FALSE,12,NO,3,1,,,TRUE,
Godrej,HIT CIK RED- 625 ML-MRP 260 (1*25),378.54,10,340.69,25,1,FALSE,1,NO,3,1,,,TRUE,
Godrej,HIT CIK  RED-400 ML- MRP 189 (1*36),275.17,10,247.65,36,1,FALSE,1,NO,3,1,,,TRUE,
Godrej,HIT FIK BLACK-400 ML-MRP 180 (1*36),262.068696,10,235.86,36,1,TRUE,1,NO,3,1,,,TRUE,
Godrej,HIT FIK BLACK-625 ML-MRP 250 (1*25),363.98,10,327.58,25,1,FALSE,1,NO,3,1,,,TRUE,
Godrej,HIT FIK BLACK-200 ML-MRP 115 (1*60),174.7090909,12.5,152.87,60,1,FALSE,1,NO,3,1,,,TRUE,
Godrej,HIT CIK RED-200 ML-MRP 99 (1*60),144.14,10,129.73,60,1,FALSE,1,NO,3,1,,,TRUE,
Godrej,RAT KILL 25 GM MRP 25 (1*12)(1*360),36.4,16.67,30.33,360,1,TRUE,12,NO,3,1,,,TRUE,
Godrej,HIT ANTI ROACH GEL - MRP 220 (1*30),320.29398,12.5,280.26,30,1,FALSE,1,NO,5,1,,,TRUE,
Godrej,GK FLASH COMBI - MRP 95 (1*60),138.31,7,128.63,60,1,FALSE,1,NO,4,1,,,TRUE,
Godrej,GK FLASH REFILL 45ML (240) - MRP 85 (1*240),123.75,10,111.38,240,1,FALSE,1,NO,4,1,,,TRUE,
Godrej,GOODNIGHT NAT. NEEM AGARBATI - MRP 10 (1*12)(1*288),17.47,20,13.98,24,12,FALSE,12,NO,6,1,,,TRUE,
Godrej,GK MINI JUMBO PLAIN COIL - MRP 35 (1*60),50.96,14.29,43.68,60,1,FALSE,1,NO,4,1,,,TRUE,
Godrej,ParkAvenue Voyage 18ml Pocket Perfume MRP 60 (1*8)(1*80),83.56,20,66.85,80,1,FALSE,8,NO,3,1,,,TRUE,
Godrej,ParkAvenue Perfume Pocket Good Morning 18ml MRP 70 (1*8)(1*80),97.485552,25,73.11,80,1,FALSE,8,NO,7,1,,,TRUE,
Godrej,GODREJ FAB LIQUID DETERGENT 1L POUCH - MRP 250 (1*12),227.275092,7,211.37,12,1,FALSE,1,NO,6,1,,,TRUE,
Godrej,EZEE 1000 GM- MRP 225 (1*12),327.579768,5,311.20,12,1,FALSE,1,NO,3,1,,,TRUE,
Godrej,EZEE 500 GM -MRP 120 (1*24),174.712464,5,165.98,24,1,FALSE,1,NO,3,1,,,TRUE,
Godrej,EZEE 2 KG POUCH - MRP 430 (1*6),626.040792,5,594.74,6,1,FALSE,1,NO,3,1,,,TRUE,
Godrej,GODREJ FAB LIQUID DETERGENT 2L POUCH- MRP 500 (1*6),454.550184,7,422.73,6,1,FALSE,1,NO,4,1,,,TRUE,
Godrej,Aer Power Pocket - Lemon Tangy Delight- MRP 65 (1*6) (1*120),90.52,10,81.47,20,6,FALSE,6,NO,4,1,,,TRUE,
Godrej,Aer Power Pocket - Berry Rush- MRP 65 (1*6) (1*120),90.52,10,81.47,20,6,FALSE,6,NO,4,1,,,TRUE,
Godrej,Aer Power Pocket - Floral Delight - MRP 65 (1*6) (1*120),90.52,10,81.47,20,6,FALSE,6,NO,4,1,,,TRUE,
Godrej,Aer Power Pocket- lavenderBloom- MRP 65 (1*6) (1*120),90.52,10,81.47,20,6,FALSE,6,NO,4,1,,,TRUE,
Godrej,Aer Power Pocket - Fresh Blossom- MRP 65 (1*6) (1*120),90.52,10,81.47,20,6,FALSE,6,NO,4,1,,,TRUE,
Godrej,Aer Power Pocket - Sea Breeze MRP 65 (1*6) (1*120),90.52,10,81.47,20,6,FALSE,6,NO,4,1,,,TRUE,
Jasmine,Jasmine Mix Masala 500gm (1*40) Mrp 325,264.11,,264.11,20,1,FALSE,1,YES,,,,,FALSE,
Jasmine,Jasmine Mix Masala 200gm (1*10)(1*100) Mrp 130,105.65,,105.65,10,10,FALSE,10,YES,,,,,FALSE,
Jasmine,Jasmine Mix Masala 100gm (1*20)(1*200) Mrp 65,52.83,,52.83,10,20,FALSE,20,YES,,,,,FALSE,
Jasmine,Jasmine Roghni Mirch 100gm(1*80) Mrp 220,158.52,,158.52,80,1,FALSE,1,YES,,,,,FALSE,
Bimal Trade,Phaner Chocolate Pie 108gm(1*24) Mrp 140,118,,118.00,24,1,FALSE,1,NO,,,,,FALSE,
Bimal Trade,Nabil SF DIgestive 420gm Mrp 375 (1*24),331.86,,331.86,24,1,FALSE,1,NO,,,,,FALSE,
Bimal Trade,Anmol Veg Munch 175gm Mrp 90 (1*42),71.43,,71.43,42,1,FALSE,1,NO,,,,,FALSE,
Parle,Orange Kream 25+12.5gm (1*144) Mrp10,8.99,,8.99,12,12,TRUE,12,NO,,,,,FALSE,
Amrapali,Red Rhino 250 ML (1* 24) (FREE 24:1),64.17,100,0.00,24,1,FALSE,1,NO,,,,,FALSE,
Amrapali,KOOL-COCO BLACK CURRANT 320 ML (1*24) (FREE 4:1),101.8519379,100,0.00,24,1,FALSE,1,NO,,,,,FALSE,
Amrapali,KOOL-COCO MANGO DRINKS 320 ML (1*24) (FREE 4:1),101.8519379,100,0.00,24,1,FALSE,1,NO,,,,,FALSE,
Amrapali,KOOL-COCO KIWI 320 ML (1*24) (Free 4:1),101.8519379,100,0.00,24,1,FALSE,1,NO,,,,,FALSE,
Amrapali,KOOL-COCO STRAWBERRY 320 ML (1*24),101.8519379,,101.85,24,1,FALSE,1,NO,,,,,FALSE,
Amrapali,KOOL-COCO STRAWBERRY 320 ML (1*24) (FREE 4:1),101.8519379,100,0.00,24,1,FALSE,1,NO,,,,,FALSE,
Godrej,AER TWIST GEL - PETAL CRUSH PINK (MRP-425) (1*15),591.857388,20,473.49,15,1,FALSE,,NO,,,,,TRUE,
Godrej,AER TWIST GEL - COOL SURF BLUE (MRP-425) (1*15),591.857388,20,473.49,15,1,FALSE,,NO,,,,,TRUE,
Godrej,AER CLICK GEL - COOL SURF BLUE (MRP-320) (1*18),445.62906,20,356.50,18,1,FALSE,,NO,,,,,TRUE,
Godrej,EZEE 1000 GM (1KG BOTTLE + 1 KG POUCH) (MRP 440) (1*6),640.600164,10,576.54,6,1,TRUE,,NO,3,1,,,TRUE,
Godrej,Aer Spray Mystic Musk 220ml - MRP 99 (1*24),137.868588,10,124.08,24,1,TRUE,1,NO,2,1,,,TRUE,
Godrej,Aer Car Fragrance 7.5gm Cool Aqua (1*60),137.868588,15,117.19,60,1,FALSE,4,NO,5,1,,,TRUE,
Godrej,Aer Car Fragrance 7.5gm Musk After Smoke (1*60),137.868588,15,117.19,60,1,FALSE,4,NO,5,1,,,TRUE,
Godrej,Aer Car Fragrance 7.5gm Rose Blossom (1*60),137.868588,15,117.19,60,1,FALSE,4,NO,5,1,,,TRUE,
Godrej,Aer Matic  Spray Can Cool Surf Blue-210ml (MRP 315) (1*18),438.67278,8,403.58,18,1,FALSE,,NO,,,,,TRUE,
Godrej,Aer Matic  Spray Can Petal Crush Pink-210ml (MRP 315) (1*18),438.67278,8,403.58,,1,FALSE,,NO,,,,,TRUE,
Godrej,Aer Matic  Spray Can Violet Valley Bloom-210ml (MRP 315) (1*18),438.67278,8,403.58,18,1,FALSE,,NO,,,,,TRUE,
Parle,Imli Candy 700gm (1*12),206.49,4,198.23,12,12,FALSE,,NO,,,,,FALSE,
Godrej,RICH CREAM BURGUNDY INR 37 (1*10)(1*240),51.525288,13,44.83,240,1,FALSE,10,NO,2,1,,,TRUE,
Godrej,NO. 1 SOAP 50GM (LIME & ALOEVERA) - NPR 25 (1*216),22.723848,15,19.32,36,1,FALSE,,NO,3,1,,,TRUE,
Godrej,PROTEKT MR. MAGIC REFILL 9GM (1*360)(INR10),14.82786,8,13.64,216,1,FALSE,,NO,,,,,TRUE,
Godrej,NO. 1 SOAP 75GM (ROSEWATER & ALMOND) PO4 - NPR 130 (1*216),29.545884,16.67,24.62,54,4,FALSE,4,NO,3,1,,,TRUE,
Godrej,NO. 1 SOAP 50GM (ROSEWATER & ALMOND)  - NPR 25 (1*216),22.723848,15,19.32,216,1,FALSE,12,NO,3,1,,,TRUE,
Godrej,NO. 1 SOAP 43GM (ROSEWATER & ALMOND)  - NPR 20 (1*216),18.18396,15,15.46,216,1,FALSE,12,NO,,,,,TRUE,
Godrej,NO. 1 SOAP 43GM (LIME & ALOE)  - NPR 20 (1*216),18.18396,15,15.46,216,1,FALSE,12,NO,,,,,TRUE,
Godrej,Kamasutra Pocket Perfume Spark 18ML MRP 60 (1*8)(1*80),83.56,20,66.85,10,8,FALSE,8,NO,3,1,,,TRUE,
Parle,Parle g Royale 72gm (1*120) Mrp 40,35.87443946,,35.87,120,12,FALSE,,NO,,,,,FALSE,
Godrej,ParkAvenue Perfume Pocket Good Morning 18ml MRP 60 (1*8)(1*80),83.56,20,66.85,10,8,FALSE,8,NO,3,1,,,TRUE,
Godrej,NO. 1 SOAP 100GM (LIME & ALOEVERA) PO4 - NPR 160 (1*4)(1*36),36.364869,15,30.91,36,4,FALSE,4,NO,3,1,,,TRUE,
Godrej,CINTHOL BODY WASH LIME 200ML (1*30) MRP 120,167.109372,7,155.41,30,1,TRUE,1,NO,3,1,,,TRUE,
Godrej,CINTHOL BODY WASH ORIGINAL 200ML (1*30) MRP 120,167.109372,7,155.41,30,1,FALSE,1,NO,3,1,,,TRUE,
Godrej,HIT RAT GLUE PAD 25 GM (1*100) MRP60,87.356232,10,78.62,100,1,FALSE,,NO,,,,,TRUE,
Godrej,HIT RAT GLUE PAD 50 GM (1*50) MRP120,174.712464,10,157.24,50,1,FALSE,,NO,,,,,TRUE,
Godrej,KS SPARK  AER 120ML (1*48) MRP 99,137.868588,10,124.08,,,FALSE,,NO,2,1,,,TRUE,
Godrej,KS SURGE 120ML (1*48) MRP 99,137.868588,10,124.08,,,FALSE,,NO,2,1,,,TRUE,
Godrej,KS RUSH 120ML (1*48) MRP 99,137.868588,10,124.08,,,FALSE,,NO,2,1,,,TRUE,
Godrej,PA EDP OUD 100ML (1*12) MRP 399,555.64812,15,472.30,,,FALSE,,NO,5,1,,,TRUE,
Godrej,PA EDP SAMURAI 100ML (1*12) MRP 399,555.64812,15,472.30,,,FALSE,,NO,5,1,,,TRUE,
Godrej,PA EDP KNIGHT 100ML (1*12) MRP 399,555.64812,15,472.30,,,FALSE,,NO,5,1,,,TRUE,
Godrej,GODREJ FAB LIQUID DETERGENT 3.2L POUCH- MRP 750 (1*4),681.82,7,634.09,4,1,FALSE,,NO,6,1,,,TRUE,
Godrej,NO. 1 SOAP 100GM (ROSEWATER & ALMOND) - NPR 45 (1*144),40.907808,16.67,34.09,144,1,FALSE,1,NO,3,1,,,TRUE,
Himgiri,Dhoni Herbal Cake 75gm (1*72) Mrp 10,7.3,,7.30,72,1,FALSE,,NO,,,,,FALSE,
Himgiri,Dhoni Herbal Cake 150gm (1*60) Mrp 20,15.83,,15.83,60,1,FALSE,,NO,,,,,FALSE,
Himgiri,Himgiri No. 1 RoseTS 50gm (1*72) Mrp 20,15,,15.00,3,24,FALSE,,NO,,,,,FALSE,
Himgiri,Aura HS 10gm (1*288) Mrp 6,3.8,,3.80,6,48,FALSE,,NO,,,,,FALSE,
Himgiri,Dhoni Kleen Phenyle 1000gm (1*12) Mrp 130,83.4,,83.40,12,1,FALSE,,NO,,,,,FALSE,
Himgiri,Dhoni Jumbo LS 200gm (1*36) Mrp 50,40.3,,40.30,36,1,FALSE,,NO,,,,,FALSE,
Himgiri,Fizz DP 5000gm (1*4) (Bucket) Mrp 925,478.75,,478.75,4,1,FALSE,,NO,,,,,FALSE,
Himgiri,Dhoni LS Combo(3+Free Dswh) 600gm (1*10) Mrp 150,121.5,,121.50,10,1,FALSE,,NO,,,,,FALSE,
Himgiri,Dhoni DP 500gm (1*24) Mrp 80,64.6,,64.60,24,1,FALSE,,NO,,,,,FALSE,
Himgiri,Saino Muttha Incense Sticks (1*50) Mrp 100,65,,65.00,2,50,FALSE,,NO,,,,,FALSE,
Himgiri,Kasturi Muttha Incense Sticks (1*36) Mrp 100,70,,70.00,2,36,FALSE,,NO,,,,,FALSE,
Himgiri,Tia Kasturi Mix Fruit Incense Sticks (1*72) Mrp 100,75,,75.00,6,12,FALSE,12,NO,,,,,FALSE,
Himgiri,Xtraa Rose LS 200gm (1*24) Mrp 65,41.7,,41.70,1,24,FALSE,,NO,,,,,FALSE,
Himgiri,Xtraa Plus LS 200gm (1*24) Mrp 65,51.1,,51.10,1,24,FALSE,,NO,,,,,FALSE,
Himgiri,Dhoni LS 1000gm (1*10) (4 Pcs FP) Mrp 250,180,,180.00,10,1,FALSE,,NO,,,,,FALSE,
Himgiri,Dhoni LS 1500gm (1*6) (6 Pcs FP) Mrp 375,300,,300.00,6,1,FALSE,,NO,,,,,FALSE,
Himgiri,Shova LS 200gm (1*24) Mrp 50,33.34,,33.34,24,1,FALSE,,NO,,,,,FALSE,
Himgiri,Fizz DP 200gm (1*50) Mrp 20,13.2,,13.20,50,1,FALSE,,NO,,,,,FALSE,
Himgiri,Xtraa Active DP Daisy 750gm (1*25) Mrp 100,81.4,,81.40,25,1,FALSE,,NO,,,,,FALSE,
Himgiri,Xtraa Dishwash Tub 500gm (1*18) Mrp 100,80,,80.00,18,1,FALSE,,NO,,,,,FALSE,
Himgiri,Tika LS 1000gm (1*10) (4 Pes FP) Mrp 250,165,,165.00,10,1,FALSE,,NO,,,,,FALSE,
Godrej,GODREJ FAB 90 ML SACHET (1*72),13.750518,,13.75,6,12,FALSE,6,NO,,,,,TRUE,
Himgiri,Dhoni Kleen TC 500gm (1*12) Mrp 150,87.5,,87.50,12,1,FALSE,,,,,,,FALSE,
Himgiri,Aura BS Rose 100gm (1*72) Mrp 55,40,,40.00,72,1,FALSE,,,,,,,FALSE,
Godrej,AER TWIST GEL - FRESH LUSH GREEN (MRP-425) (1*15),591.857388,20,473.49,15,1,FALSE,,NO,,,,,TRUE,
Godrej,RAT KILL 25 GM MRP 30 (1*12)(1*360),43.678116,16.67,36.40,360,1,FALSE,12,NO,3,1,,,TRUE,
Amrapali,Himalayan Recharge 330 ML (1*24),103.13171,,103.13,24,1,FALSE,1,NO,,,,,FALSE,
Godrej,PROTEKT MR. MAGIC HANDWASH 9GM COMBI MRP 40 (1*48),59.31144,8,54.57,48,1,,1,NO,,,,,FALSE,
Godrej,PROTEKT GERM FIGHT HANDWASH REFILL BLUE 725 ML MRP-109 (1*18),158.688612,10,142.82,18,1,FALSE,1,NO,3,1,,,TRUE,
Godrej,PROTEKT GERM FIGHT HANDWASH REFILL LIME & EUCALYPTUS 725 ML (MRP-109) (1*18),158.688612,10,142.82,18,1,FALSE,1,NO,3,1,,,TRUE,
Parle,Nutrivrunch Digestive 100gm (1*60) Mrp50,44.8539375,,44.85,60,1,FALSE,1,NO,,,,,FALSE,
Godrej,NUPUR MEHANDI 65 GM MRP-40 (1*180),55.699056,8,51.24,180,1,FALSE,1,NO,3,1,,,TRUE,
Jasmine,Jasmine Sabji Masala 200gm (1*10)(1*100) Mrp 125,119.099175,,119.10,10,10,FALSE,10,YES,,,,,FALSE,
Godrej,Aer Power Pocket - Assorted PO4- MRP 210 (1*4) (1*36),292.444452,0,292.44,36,4,FALSE,1,NO,,,,,FALSE,
Godrej,RICH CREAM BLACK BROWN INR 37 (1*10)(1*240),51.525288,13,44.83,240,1,FALSE,10,NO,3,1,,,TRUE,
,,,,,,,,,,,,,,,
,,,,,,,,,,,,,,FALSE,
,,,,,,,,,,,,,,FALSE,
,,,,,,,,,,,,,,FALSE,
,,,,,,,,,,,,,,FALSE,
,,,,,,,,,,,,,,FALSE,
,,,,,,,,,,,,,,FALSE,
,,,,,,,,,,,,,,FALSE,
,,,,,,,,,,,,,,FALSE,
,,,,,,,,,,,,,,FALSE,
,,,,,,,,,,,,,,FALSE,
,,,,,,,,,,,,,,FALSE,
,,,,,,,,,,,,,,FALSE,
,,,,,,,,,,,,,,FALSE,
,,,,,,,,,,,,,,FALSE,
,,,,,,,,,,,,,,FALSE,
,,,,,,,,,,,,,,FALSE,
,,,,,,,,,,,,,,FALSE,
,,,,,,,,,,,,,,FALSE,
,,,,,,,,,,,,,,FALSE,
,,,,,,,,,,,,,,FALSE,
,,,,,,,,,,,,,,FALSE,
,,,,,,,,,,,,,,FALSE,
,,,,,,,,,,,,,,FALSE,
,,,,,,,,,,,,,,FALSE,
,,,,,,,,,,,,,,FALSE,
,,,,,,,,,,,,,,FALSE,
,,,,,,,,,,,,,,FALSE,
,,,,,,,,,,,,,,FALSE,
,,,,,,,,,,,,,,FALSE,
,,,,,,,,,,,,,,FALSE,
,,,,,,,,,,,,,,FALSE,
,,,,,,,,,,,,,,FALSE,
,,,,,,,,,,,,,,FALSE,
,,,,,,,,,,,,,,FALSE,
,,,,,,,,,,,,,,FALSE,
,,,,,,,,,,,,,,FALSE,
,,,,,,,,,,,,,,FALSE,
,,,,,,,,,,,,,,FALSE,
,,,,,,,,,,,,,,FALSE,
,,,,,,,,,,,,,,FALSE,
,,,,,,,,,,,,,,FALSE,
,,,,,,,,,,,,,,FALSE,
,,,,,,,,,,,,,,FALSE,
,,,,,,,,,,,,,,FALSE,
,,,,,,,,,,,,,,FALSE,
,,,,,,,,,,,,,,FALSE,
,,,,,,,,,,,,,,FALSE,
,,,,,,,,,,,,,,FALSE,
,,,,,,,,,,,,,,FALSE,
,,,,,,,,,,,,,,FALSE,
,,,,,,,,,,,,,,FALSE,
,,,,,,,,,,,,,,FALSE,
,,,,,,,,,,,,,,FALSE,
,,,,,,,,,,,,,,FALSE,
,,,,,,,,,,,,,,FALSE,
,,,,,,,,,,,,,,FALSE,
,,,,,,,,,,,,,,FALSE,
,,,,,,,,,,,,,,FALSE,
,,,,,,,,,,,,,,FALSE,
,,,,,,,,,,,,,,FALSE,
,,,,,,,,,,,,,,FALSE,
,,,,,,,,,,,,,,FALSE,
,,,,,,,,,,,,,,FALSE,
,,,,,,,,,,,,,,FALSE,
,,,,,,,,,,,,,,FALSE,
,,,,,,,,,,,,,,FALSE,
,,,,,,,,,,,,,,FALSE,
,,,,,,,,,,,,,,FALSE,
,,,,,,,,,,,,,,FALSE,
,,,,,,,,,,,,,,FALSE,
,,,,,,,,,,,,,,FALSE,
,,,,,,,,,,,,,,FALSE,
,,,,,,,,,,,,,,FALSE,
,,,,,,,,,,,,,,FALSE,
,,,,,,,,,,,,,,FALSE,
,,,,,,,,,,,,,,FALSE,
,,,,,,,,,,,,,,FALSE,
,,,,,,,,,,,,,,FALSE,
,,,,,,,,,,,,,,FALSE,
,,,,,,,,,,,,,,FALSE,
,,,,,,,,,,,,,,FALSE,
,,,,,,,,,,,,,,FALSE,
,,,,,,,,,,,,,,FALSE,
,,,,,,,,,,,,,,FALSE,
,,,,,,,,,,,,,,FALSE,
,,,,,,,,,,,,,,FALSE,
,,,,,,,,,,,,,,FALSE,
,,,,,,,,,,,,,,FALSE,
,,,,,,,,,,,,,,FALSE,
,,,,,,,,,,,,,,FALSE,
,,,,,,,,,,,,,,FALSE,
,,,,,,,,,,,,,,FALSE,
,,,,,,,,,,,,,,FALSE,
,,,,,,,,,,,,,,FALSE,
,,,,,,,,,,,,,,FALSE,
,,,,,,,,,,,,,,FALSE,
,,,,,,,,,,,,,,FALSE,
,,,,,,,,,,,,,,FALSE,
,,,,,,,,,,,,,,FALSE,
,,,,,,,,,,,,,,FALSE,
,,,,,,,,,,,,,,FALSE,
,,,,,,,,,,,,,,FALSE,
,,,,,,,,,,,,,,FALSE,
,,,,,,,,,,,,,,FALSE,
,,,,,,,,,,,,,,FALSE,
,,,,,,,,,,,,,,FALSE,
,,,,,,,,,,,,,,FALSE,
,,,,,,,,,,,,,,FALSE,
,,,,,,,,,,,,,,FALSE,
,,,,,,,,,,,,,,FALSE,
,,,,,,,,,,,,,,FALSE,
,,,,,,,,,,,,,,FALSE,
,,,,,,,,,,,,,,FALSE,
,,,,,,,,,,,,,,FALSE,
,,,,,,,,,,,,,,FALSE,
,,,,,,,,,,,,,,FALSE,
,,,,,,,,,,,,,,FALSE,
,,,,,,,,,,,,,,FALSE,
,,,,,,,,,,,,,,FALSE,
,,,,,,,,,,,,,,FALSE,
,,,,,,,,,,,,,,FALSE,
,,,,,,,,,,,,,,FALSE,
,,,,,,,,,,,,,,FALSE,
,,,,,,,,,,,,,,FALSE,
,,,,,,,,,,,,,,FALSE,
,,,,,,,,,,,,,,FALSE,
,,,,,,,,,,,,,,FALSE,
,,,,,,,,,,,,,,FALSE,
,,,,,,,,,,,,,,FALSE,
,,,,,,,,,,,,,,FALSE,
,,,,,,,,,,,,,,FALSE,
,,,,,,,,,,,,,,FALSE,
,,,,,,,,,,,,,,FALSE,
,,,,,,,,,,,,,,FALSE,
,,,,,,,,,,,,,,FALSE,
,,,,,,,,,,,,,,FALSE,
,,,,,,,,,,,,,,FALSE,
,,,,,,,,,,,,,,FALSE,
,,,,,,,,,,,,,,FALSE,
,,,,,,,,,,,,,,FALSE,
,,,,,,,,,,,,,,FALSE,
,,,,,,,,,,,,,,FALSE,
,,,,,,,,,,,,,,FALSE,
,,,,,,,,,,,,,,FALSE,
,,,,,,,,,,,,,,FALSE,
,,,,,,,,,,,,,,FALSE,
,,,,,,,,,,,,,,FALSE,
,,,,,,,,,,,,,,FALSE,
,,,,,,,,,,,,,,FALSE,
,,,,,,,,,,,,,,FALSE,
,,,,,,,,,,,,,,FALSE,
,,,,,,,,,,,,,,FALSE,
,,,,,,,,,,,,,,FALSE,
,,,,,,,,,,,,,,FALSE,
,,,,,,,,,,,,,,FALSE,
,,,,,,,,,,,,,,FALSE,
,,,,,,,,,,,,,,FALSE,
,,,,,,,,,,,,,,FALSE,
,,,,,,,,,,,,,,FALSE,
,,,,,,,,,,,,,,FALSE,
,,,,,,,,,,,,,,FALSE,
,,,,,,,,,,,,,,FALSE,
,,,,,,,,,,,,,,FALSE,
,,,,,,,,,,,,,,FALSE,
,,,,,,,,,,,,,,FALSE,
,,,,,,,,,,,,,,FALSE,
,,,,,,,,,,,,,,FALSE,
,,,,,,,,,,,,,,FALSE,
,,,,,,,,,,,,,,FALSE,
,,,,,,,,,,,,,,FALSE,
,,,,,,,,,,,,,,FALSE,
,,,,,,,,,,,,,,FALSE,
,,,,,,,,,,,,,,FALSE,
,,,,,,,,,,,,,,FALSE,
,,,,,,,,,,,,,,FALSE,
,,,,,,,,,,,,,,FALSE,
,,,,,,,,,,,,,,FALSE,
,,,,,,,,,,,,,,FALSE,
,,,,,,,,,,,,,,FALSE,
,,,,,,,,,,,,,,FALSE,
,,,,,,,,,,,,,,FALSE,
,,,,,,,,,,,,,,FALSE,
,,,,,,,,,,,,,,FALSE,
,,,,,,,,,,,,,,FALSE,
,,,,,,,,,,,,,,FALSE,
,,,,,,,,,,,,,,FALSE,
,,,,,,,,,,,,,,FALSE,
,,,,,,,,,,,,,,FALSE,
,,,,,,,,,,,,,,FALSE,
,,,,,,,,,,,,,,FALSE,
,,,,,,,,,,,,,,FALSE,
,,,,,,,,,,,,,,FALSE,
,,,,,,,,,,,,,,FALSE,
,,,,,,,,,,,,,,FALSE,
,,,,,,,,,,,,,,FALSE,
,,,,,,,,,,,,,,FALSE,
,,,,,,,,,,,,,,FALSE,
,,,,,,,,,,,,,,FALSE,
,,,,,,,,,,,,,,FALSE,
,,,,,,,,,,,,,,FALSE,
,,,,,,,,,,,,,,FALSE,
,,,,,,,,,,,,,,FALSE,
,,,,,,,,,,,,,,FALSE,
,,,,,,,,,,,,,,FALSE,
,,,,,,,,,,,,,,FALSE,
,,,,,,,,,,,,,,FALSE,
,,,,,,,,,,,,,,FALSE,
,,,,,,,,,,,,,,FALSE,
,,,,,,,,,,,,,,FALSE,
,,,,,,,,,,,,,,FALSE,
,,,,,,,,,,,,,,FALSE,
,,,,,,,,,,,,,,FALSE,
,,,,,,,,,,,,,,FALSE,
,,,,,,,,,,,,,,FALSE,
,,,,,,,,,,,,,,FALSE,
,,,,,,,,,,,,,,FALSE,
,,,,,,,,,,,,,,FALSE,
,,,,,,,,,,,,,,FALSE,
,,,,,,,,,,,,,,FALSE,
,,,,,,,,,,,,,,FALSE,
,,,,,,,,,,,,,,FALSE,
,,,,,,,,,,,,,,FALSE,
,,,,,,,,,,,,,,FALSE,
,,,,,,,,,,,,,,FALSE,
,,,,,,,,,,,,,,FALSE,
,,,,,,,,,,,,,,FALSE,
,,,,,,,,,,,,,,FALSE,
,,,,,,,,,,,,,,FALSE,
,,,,,,,,,,,,,,FALSE,
,,,,,,,,,,,,,,FALSE,
,,,,,,,,,,,,,,FALSE,
,,,,,,,,,,,,,,FALSE,
,,,,,,,,,,,,,,FALSE,
,,,,,,,,,,,,,,FALSE,
,,,,,,,,,,,,,,FALSE,
,,,,,,,,,,,,,,FALSE,
,,,,,,,,,,,,,,FALSE,
,,,,,,,,,,,,,,FALSE,
,,,,,,,,,,,,,,FALSE,
,,,,,,,,,,,,,,FALSE,
,,,,,,,,,,,,,,FALSE,
,,,,,,,,,,,,,,FALSE,
,,,,,,,,,,,,,,FALSE,
,,,,,,,,,,,,,,FALSE,
,,,,,,,,,,,,,,FALSE,
,,,,,,,,,,,,,,FALSE,
,,,,,,,,,,,,,,FALSE,
,,,,,,,,,,,,,,FALSE,
,,,,,,,,,,,,,,FALSE,
,,,,,,,,,,,,,,FALSE,
,,,,,,,,,,,,,,FALSE,
,,,,,,,,,,,,,,FALSE,
,,,,,,,,,,,,,,FALSE,
,,,,,,,,,,,,,,FALSE,
,,,,,,,,,,,,,,FALSE,
,,,,,,,,,,,,,,FALSE,
,,,,,,,,,,,,,,FALSE,
,,,,,,,,,,,,,,FALSE,
,,,,,,,,,,,,,,FALSE,
,,,,,,,,,,,,,,FALSE,
,,,,,,,,,,,,,,FALSE,
,,,,,,,,,,,,,,FALSE,
,,,,,,,,,,,,,,FALSE,
,,,,,,,,,,,,,,FALSE,
,,,,,,,,,,,,,,FALSE,
,,,,,,,,,,,,,,FALSE,
,,,,,,,,,,,,,,FALSE,
,,,,,,,,,,,,,,FALSE,
,,,,,,,,,,,,,,FALSE,
,,,,,,,,,,,,,,FALSE,
,,,,,,,,,,,,,,FALSE,
,,,,,,,,,,,,,,FALSE,
,,,,,,,,,,,,,,FALSE,
,,,,,,,,,,,,,,FALSE,
,,,,,,,,,,,,,,FALSE,
,,,,,,,,,,,,,,FALSE,
,,,,,,,,,,,,,,FALSE,
,,,,,,,,,,,,,,FALSE,
,,,,,,,,,,,,,,FALSE,
,,,,,,,,,,,,,,FALSE,
,,,,,,,,,,,,,,FALSE,
,,,,,,,,,,,,,,FALSE,
,,,,,,,,,,,,,,FALSE,
,,,,,,,,,,,,,,FALSE,
,,,,,,,,,,,,,,FALSE,
,,,,,,,,,,,,,,FALSE,
,,,,,,,,,,,,,,FALSE,
,,,,,,,,,,,,,,FALSE,
,,,,,,,,,,,,,,FALSE,
,,,,,,,,,,,,,,FALSE,
,,,,,,,,,,,,,,FALSE,
,,,,,,,,,,,,,,FALSE,
,,,,,,,,,,,,,,FALSE,
,,,,,,,,,,,,,,FALSE,
,,,,,,,,,,,,,,FALSE,
,,,,,,,,,,,,,,FALSE,
,,,,,,,,,,,,,,FALSE,
,,,,,,,,,,,,,,FALSE,
,,,,,,,,,,,,,,FALSE,
,,,,,,,,,,,,,,FALSE,
,,,,,,,,,,,,,,FALSE,
,,,,,,,,,,,,,,FALSE,
,,,,,,,,,,,,,,FALSE,
,,,,,,,,,,,,,,FALSE,
,,,,,,,,,,,,,,FALSE,
,,,,,,,,,,,,,,FALSE,
,,,,,,,,,,,,,,FALSE,
,,,,,,,,,,,,,,FALSE,
,,,,,,,,,,,,,,FALSE,
,,,,,,,,,,,,,,FALSE,
,,,,,,,,,,,,,,FALSE,
,,,,,,,,,,,,,,FALSE,
,,,,,,,,,,,,,,FALSE,
,,,,,,,,,,,,,,FALSE,
,,,,,,,,,,,,,,FALSE,
,,,,,,,,,,,,,,FALSE,
,,,,,,,,,,,,,,FALSE,
,,,,,,,,,,,,,,FALSE,
,,,,,,,,,,,,,,FALSE,
,,,,,,,,,,,,,,FALSE,
,,,,,,,,,,,,,,FALSE,
,,,,,,,,,,,,,,FALSE,
,,,,,,,,,,,,,,FALSE,
,,,,,,,,,,,,,,FALSE,
,,,,,,,,,,,,,,FALSE,
,,,,,,,,,,,,,,FALSE,
,,,,,,,,,,,,,,FALSE,
,,,,,,,,,,,,,,FALSE,
,,,,,,,,,,,,,,FALSE,
,,,,,,,,,,,,,,FALSE,
,,,,,,,,,,,,,,FALSE,
,,,,,,,,,,,,,,FALSE,
,,,,,,,,,,,,,,FALSE,
,,,,,,,,,,,,,,FALSE,
,,,,,,,,,,,,,,FALSE,
,,,,,,,,,,,,,,FALSE,
,,,,,,,,,,,,,,FALSE,
,,,,,,,,,,,,,,FALSE,
,,,,,,,,,,,,,,FALSE,
,,,,,,,,,,,,,,FALSE,
,,,,,,,,,,,,,,FALSE,
,,,,,,,,,,,,,,FALSE,
,,,,,,,,,,,,,,FALSE,
,,,,,,,,,,,,,,FALSE,
,,,,,,,,,,,,,,FALSE,
,,,,,,,,,,,,,,FALSE,
,,,,,,,,,,,,,,FALSE,
,,,,,,,,,,,,,,FALSE,
,,,,,,,,,,,,,,FALSE,
,,,,,,,,,,,,,,FALSE,
,,,,,,,,,,,,,,FALSE,
,,,,,,,,,,,,,,FALSE,
,,,,,,,,,,,,,,FALSE,
,,,,,,,,,,,,,,FALSE,
,,,,,,,,,,,,,,FALSE,
,,,,,,,,,,,,,,FALSE,
,,,,,,,,,,,,,,FALSE,
,,,,,,,,,,,,,,FALSE,
,,,,,,,,,,,,,,FALSE,
,,,,,,,,,,,,,,FALSE,
,,,,,,,,,,,,,,FALSE,
,,,,,,,,,,,,,,FALSE,
,,,,,,,,,,,,,,FALSE,
,,,,,,,,,,,,,,FALSE,
,,,,,,,,,,,,,,FALSE,
,,,,,,,,,,,,,,FALSE,
,,,,,,,,,,,,,,FALSE,
,,,,,,,,,,,,,,FALSE,
,,,,,,,,,,,,,,FALSE,
,,,,,,,,,,,,,,FALSE,
,,,,,,,,,,,,,,FALSE,
,,,,,,,,,,,,,,FALSE,
,,,,,,,,,,,,,,FALSE,
,,,,,,,,,,,,,,FALSE,
,,,,,,,,,,,,,,FALSE,
,,,,,,,,,,,,,,FALSE,
,,,,,,,,,,,,,,FALSE,
,,,,,,,,,,,,,,FALSE,
,,,,,,,,,,,,,,FALSE,
,,,,,,,,,,,,,,FALSE,
,,,,,,,,,,,,,,FALSE,
,,,,,,,,,,,,,,FALSE,
,,,,,,,,,,,,,,FALSE,
,,,,,,,,,,,,,,FALSE,
,,,,,,,,,,,,,,FALSE,
,,,,,,,,,,,,,,FALSE,
,,,,,,,,,,,,,,FALSE,
,,,,,,,,,,,,,,FALSE,
,,,,,,,,,,,,,,FALSE,
,,,,,,,,,,,,,,FALSE,
,,,,,,,,,,,,,,FALSE,
,,,,,,,,,,,,,,FALSE,
,,,,,,,,,,,,,,FALSE,
,,,,,,,,,,,,,,FALSE,
,,,,,,,,,,,,,,FALSE,
,,,,,,,,,,,,,,FALSE,
,,,,,,,,,,,,,,FALSE,
,,,,,,,,,,,,,,FALSE,
,,,,,,,,,,,,,,FALSE,
,,,,,,,,,,,,,,FALSE,
,,,,,,,,,,,,,,FALSE,
,,,,,,,,,,,,,,FALSE,
,,,,,,,,,,,,,,FALSE,
,,,,,,,,,,,,,,FALSE,
,,,,,,,,,,,,,,FALSE,
,,,,,,,,,,,,,,FALSE,
,,,,,,,,,,,,,,FALSE,
,,,,,,,,,,,,,,FALSE,
,,,,,,,,,,,,,,FALSE,
,,,,,,,,,,,,,,FALSE,
,,,,,,,,,,,,,,FALSE,
,,,,,,,,,,,,,,FALSE,
,,,,,,,,,,,,,,FALSE,
,,,,,,,,,,,,,,FALSE,
,,,,,,,,,,,,,,FALSE,
,,,,,,,,,,,,,,FALSE,
,,,,,,,,,,,,,,FALSE,
,,,,,,,,,,,,,,FALSE,
,,,,,,,,,,,,,,FALSE,
,,,,,,,,,,,,,,FALSE,
,,,,,,,,,,,,,,FALSE,
,,,,,,,,,,,,,,FALSE,
,,,,,,,,,,,,,,FALSE,
,,,,,,,,,,,,,,FALSE,
,,,,,,,,,,,,,,FALSE,
,,,,,,,,,,,,,,FALSE,
,,,,,,,,,,,,,,FALSE,
,,,,,,,,,,,,,,FALSE,
,,,,,,,,,,,,,,FALSE,
,,,,,,,,,,,,,,FALSE,
,,,,,,,,,,,,,,FALSE,
,,,,,,,,,,,,,,FALSE,
,,,,,,,,,,,,,,FALSE,
,,,,,,,,,,,,,,FALSE,
,,,,,,,,,,,,,,FALSE,
,,,,,,,,,,,,,,FALSE,
,,,,,,,,,,,,,,FALSE,
,,,,,,,,,,,,,,FALSE,
,,,,,,,,,,,,,,FALSE,
,,,,,,,,,,,,,,FALSE,
,,,,,,,,,,,,,,FALSE,
,,,,,,,,,,,,,,FALSE,
,,,,,,,,,,,,,,FALSE,
,,,,,,,,,,,,,,FALSE,
,,,,,,,,,,,,,,FALSE,
,,,,,,,,,,,,,,FALSE,
,,,,,,,,,,,,,,FALSE,
,,,,,,,,,,,,,,FALSE,
,,,,,,,,,,,,,,FALSE,
,,,,,,,,,,,,,,FALSE,
,,,,,,,,,,,,,,FALSE,
,,,,,,,,,,,,,,FALSE,
,,,,,,,,,,,,,,FALSE,
,,,,,,,,,,,,,,FALSE,
,,,,,,,,,,,,,,FALSE,
,,,,,,,,,,,,,,FALSE,
,,,,,,,,,,,,,,FALSE,
,,,,,,,,,,,,,,FALSE,
,,,,,,,,,,,,,,FALSE,
,,,,,,,,,,,,,,FALSE,
,,,,,,,,,,,,,,FALSE,
,,,,,,,,,,,,,,FALSE,
,,,,,,,,,,,,,,FALSE,
,,,,,,,,,,,,,,FALSE,
,,,,,,,,,,,,,,FALSE,
,,,,,,,,,,,,,,FALSE,
,,,,,,,,,,,,,,FALSE,
,,,,,,,,,,,,,,FALSE,
,,,,,,,,,,,,,,FALSE,
,,,,,,,,,,,,,,FALSE,
,,,,,,,,,,,,,,FALSE,
,,,,,,,,,,,,,,FALSE,
,,,,,,,,,,,,,,FALSE,
,,,,,,,,,,,,,,FALSE,
,,,,,,,,,,,,,,FALSE,
,,,,,,,,,,,,,,FALSE,
,,,,,,,,,,,,,,FALSE,
,,,,,,,,,,,,,,FALSE,
,,,,,,,,,,,,,,FALSE,
,,,,,,,,,,,,,,FALSE,
,,,,,,,,,,,,,,FALSE,
,,,,,,,,,,,,,,FALSE,
,,,,,,,,,,,,,,FALSE,
,,,,,,,,,,,,,,FALSE,
,,,,,,,,,,,,,,FALSE,
,,,,,,,,,,,,,,FALSE,
,,,,,,,,,,,,,,FALSE,
,,,,,,,,,,,,,,FALSE,
,,,,,,,,,,,,,,FALSE,
,,,,,,,,,,,,,,FALSE,
,,,,,,,,,,,,,,FALSE,
,,,,,,,,,,,,,,FALSE,
,,,,,,,,,,,,,,FALSE,
,,,,,,,,,,,,,,FALSE,
,,,,,,,,,,,,,,FALSE,
,,,,,,,,,,,,,,FALSE,
,,,,,,,,,,,,,,FALSE,
,,,,,,,,,,,,,,FALSE,
,,,,,,,,,,,,,,FALSE,
,,,,,,,,,,,,,,FALSE,
,,,,,,,,,,,,,,FALSE,
,,,,,,,,,,,,,,FALSE,
,,,,,,,,,,,,,,FALSE,
,,,,,,,,,,,,,,FALSE,
,,,,,,,,,,,,,,FALSE,
,,,,,,,,,,,,,,FALSE,
,,,,,,,,,,,,,,FALSE,
,,,,,,,,,,,,,,FALSE,
,,,,,,,,,,,,,,FALSE,
,,,,,,,,,,,,,,FALSE,
,,,,,,,,,,,,,,FALSE,
,,,,,,,,,,,,,,FALSE,
,,,,,,,,,,,,,,FALSE,
,,,,,,,,,,,,,,FALSE,
,,,,,,,,,,,,,,FALSE,
,,,,,,,,,,,,,,FALSE,
,,,,,,,,,,,,,,FALSE,
,,,,,,,,,,,,,,FALSE,
,,,,,,,,,,,,,,FALSE,
,,,,,,,,,,,,,,FALSE,
,,,,,,,,,,,,,,FALSE,
,,,,,,,,,,,,,,FALSE,
,,,,,,,,,,,,,,FALSE,
,,,,,,,,,,,,,,FALSE,
,,,,,,,,,,,,,,FALSE,
,,,,,,,,,,,,,,FALSE,
,,,,,,,,,,,,,,FALSE,
,,,,,,,,,,,,,,FALSE,
,,,,,,,,,,,,,,FALSE,
,,,,,,,,,,,,,,FALSE,
,,,,,,,,,,,,,,FALSE,
,,,,,,,,,,,,,,FALSE,
,,,,,,,,,,,,,,FALSE,
,,,,,,,,,,,,,,FALSE,
,,,,,,,,,,,,,,FALSE,
,,,,,,,,,,,,,,FALSE,
,,,,,,,,,,,,,,FALSE,
,,,,,,,,,,,,,,FALSE,
,,,,,,,,,,,,,,FALSE,
,,,,,,,,,,,,,,FALSE,
,,,,,,,,,,,,,,FALSE,
,,,,,,,,,,,,,,FALSE,
,,,,,,,,,,,,,,FALSE,
,,,,,,,,,,,,,,FALSE,
,,,,,,,,,,,,,,FALSE,
,,,,,,,,,,,,,,FALSE,
,,,,,,,,,,,,,,FALSE,
,,,,,,,,,,,,,,FALSE,
,,,,,,,,,,,,,,FALSE,
,,,,,,,,,,,,,,FALSE,
,,,,,,,,,,,,,,FALSE,
,,,,,,,,,,,,,,FALSE,
,,,,,,,,,,,,,,FALSE,
,,,,,,,,,,,,,,FALSE,
,,,,,,,,,,,,,,FALSE,
,,,,,,,,,,,,,,FALSE,
,,,,,,,,,,,,,,FALSE,
,,,,,,,,,,,,,,FALSE,
,,,,,,,,,,,,,,FALSE,
,,,,,,,,,,,,,,FALSE,
,,,,,,,,,,,,,,FALSE,
,,,,,,,,,,,,,,FALSE,
,,,,,,,,,,,,,,FALSE,
,,,,,,,,,,,,,,FALSE,
,,,,,,,,,,,,,,FALSE,
,,,,,,,,,,,,,,FALSE,
,,,,,,,,,,,,,,FALSE,
,,,,,,,,,,,,,,FALSE,
,,,,,,,,,,,,,,FALSE,
,,,,,,,,,,,,,,FALSE,
,,,,,,,,,,,,,,FALSE,
,,,,,,,,,,,,,,FALSE,
,,,,,,,,,,,,,,FALSE,
,,,,,,,,,,,,,,FALSE,
,,,,,,,,,,,,,,FALSE,
,,,,,,,,,,,,,,FALSE,
,,,,,,,,,,,,,,FALSE,
,,,,,,,,,,,,,,FALSE,
,,,,,,,,,,,,,,FALSE,
,,,,,,,,,,,,,,FALSE,
,,,,,,,,,,,,,,FALSE,
,,,,,,,,,,,,,,FALSE,
,,,,,,,,,,,,,,FALSE,
,,,,,,,,,,,,,,FALSE,
,,,,,,,,,,,,,,FALSE,
,,,,,,,,,,,,,,FALSE,
,,,,,,,,,,,,,,FALSE,
,,,,,,,,,,,,,,FALSE,
,,,,,,,,,,,,,,FALSE,
,,,,,,,,,,,,,,FALSE,
,,,,,,,,,,,,,,FALSE,
,,,,,,,,,,,,,,FALSE,
,,,,,,,,,,,,,,FALSE,
,,,,,,,,,,,,,,FALSE,
,,,,,,,,,,,,,,FALSE,
,,,,,,,,,,,,,,FALSE,
,,,,,,,,,,,,,,FALSE,
,,,,,,,,,,,,,,FALSE,
,,,,,,,,,,,,,,FALSE,
,,,,,,,,,,,,,,FALSE,
,,,,,,,,,,,,,,FALSE,
,,,,,,,,,,,,,,FALSE,
,,,,,,,,,,,,,,FALSE,
,,,,,,,,,,,,,,FALSE,
,,,,,,,,,,,,,,FALSE,
,,,,,,,,,,,,,,FALSE,
,,,,,,,,,,,,,,FALSE,
,,,,,,,,,,,,,,FALSE,
,,,,,,,,,,,,,,FALSE,
,,,,,,,,,,,,,,FALSE,
,,,,,,,,,,,,,,FALSE,
,,,,,,,,,,,,,,FALSE,
,,,,,,,,,,,,,,FALSE,
,,,,,,,,,,,,,,FALSE,
,,,,,,,,,,,,,,FALSE,
,,,,,,,,,,,,,,FALSE,
,,,,,,,,,,,,,,FALSE,
,,,,,,,,,,,,,,FALSE,
,,,,,,,,,,,,,,FALSE,
,,,,,,,,,,,,,,FALSE,
,,,,,,,,,,,,,,FALSE,
,,,,,,,,,,,,,,FALSE,
,,,,,,,,,,,,,,FALSE,
,,,,,,,,,,,,,,FALSE,
,,,,,,,,,,,,,,FALSE,
,,,,,,,,,,,,,,FALSE,
,,,,,,,,,,,,,,FALSE,
,,,,,,,,,,,,,,FALSE,
,,,,,,,,,,,,,,FALSE,
,,,,,,,,,,,,,,FALSE,
,,,,,,,,,,,,,,FALSE,
,,,,,,,,,,,,,,FALSE,
,,,,,,,,,,,,,,FALSE,
,,,,,,,,,,,,,,FALSE,
,,,,,,,,,,,,,,FALSE,
,,,,,,,,,,,,,,FALSE,
,,,,,,,,,,,,,,FALSE,
,,,,,,,,,,,,,,FALSE,
,,,,,,,,,,,,,,FALSE,
,,,,,,,,,,,,,,FALSE,
,,,,,,,,,,,,,,FALSE,
,,,,,,,,,,,,,,FALSE,
,,,,,,,,,,,,,,FALSE,
,,,,,,,,,,,,,,FALSE,
,,,,,,,,,,,,,,FALSE,
,,,,,,,,,,,,,,FALSE,
,,,,0.00,,,FALSE,,,,,,,FALSE,
,,,,0.00,,,FALSE,,,,,,,FALSE,
,,,,0.00,,,FALSE,,,,,,,FALSE,
,,,,0.00,,,FALSE,,,,,,,FALSE,
,,,,0.00,,,FALSE,,,,,,,FALSE,
,,,,0.00,,,FALSE,,,,,,,FALSE,
,,,,0.00,,,FALSE,,,,,,,FALSE,
,,,,0.00,,,FALSE,,,,,,,FALSE,
,,,,0.00,,,FALSE,,,,,,,FALSE,
,,,,0.00,,,FALSE,,,,,,,FALSE,
,,,,0.00,,,FALSE,,,,,,,FALSE,
,,,,0.00,,,FALSE,,,,,,,FALSE,
,,,,0.00,,,FALSE,,,,,,,FALSE,
,,,,0.00,,,FALSE,,,,,,,FALSE,
,,,,0.00,,,FALSE,,,,,,,FALSE,
,,,,0.00,,,FALSE,,,,,,,FALSE,
,,,,0.00,,,FALSE,,,,,,,FALSE,
,,,,0.00,,,FALSE,,,,,,,FALSE,
,,,,0.00,,,FALSE,,,,,,,FALSE,
,,,,0.00,,,FALSE,,,,,,,FALSE,
,,,,0.00,,,FALSE,,,,,,,FALSE,
,,,,0.00,,,FALSE,,,,,,,FALSE,
,,,,0.00,,,FALSE,,,,,,,FALSE,
,,,,0.00,,,FALSE,,,,,,,FALSE,
,,,,0.00,,,FALSE,,,,,,,FALSE,
,,,,0.00,,,FALSE,,,,,,,FALSE,
,,,,0.00,,,FALSE,,,,,,,FALSE,
,,,,0.00,,,FALSE,,,,,,,FALSE,
,,,,0.00,,,FALSE,,,,,,,FALSE,
,,,,0.00,,,FALSE,,,,,,,FALSE,
,,,,0.00,,,FALSE,,,,,,,FALSE,
,,,,0.00,,,FALSE,,,,,,,FALSE,
,,,,0.00,,,FALSE,,,,,,,FALSE,
,,,,0.00,,,FALSE,,,,,,,FALSE,
,,,,0.00,,,FALSE,,,,,,,FALSE,
,,,,0.00,,,FALSE,,,,,,,FALSE,
,,,,0.00,,,FALSE,,,,,,,FALSE,
,,,,0.00,,,FALSE,,,,,,,FALSE,
,,,,0.00,,,FALSE,,,,,,,FALSE,
,,,,0.00,,,FALSE,,,,,,,FALSE,
,,,,0.00,,,FALSE,,,,,,,FALSE,
,,,,0.00,,,FALSE,,,,,,,FALSE,
,,,,0.00,,,FALSE,,,,,,,FALSE,
,,,,0.00,,,FALSE,,,,,,,FALSE,
,,,,0.00,,,FALSE,,,,,,,FALSE,
,,,,0.00,,,FALSE,,,,,,,FALSE,
,,,,0.00,,,FALSE,,,,,,,FALSE,
,,,,0.00,,,FALSE,,,,,,,FALSE,
,,,,0.00,,,FALSE,,,,,,,FALSE,
,,,,0.00,,,FALSE,,,,,,,FALSE,
,,,,0.00,,,FALSE,,,,,,,FALSE,
,,,,0.00,,,FALSE,,,,,,,FALSE,
,,,,0.00,,,FALSE,,,,,,,FALSE,
,,,,0.00,,,FALSE,,,,,,,FALSE,
,,,,0.00,,,FALSE,,,,,,,FALSE,
,,,,0.00,,,FALSE,,,,,,,FALSE,
,,,,0.00,,,FALSE,,,,,,,FALSE,
,,,,0.00,,,FALSE,,,,,,,FALSE,
,,,,0.00,,,FALSE,,,,,,,FALSE,
,,,,0.00,,,FALSE,,,,,,,FALSE,
,,,,0.00,,,FALSE,,,,,,,FALSE,
,,,,0.00,,,FALSE,,,,,,,FALSE,
,,,,0.00,,,FALSE,,,,,,,FALSE,
,,,,0.00,,,FALSE,,,,,,,FALSE,
,,,,0.00,,,FALSE,,,,,,,FALSE,
,,,,0.00,,,FALSE,,,,,,,FALSE,
,,,,0.00,,,FALSE,,,,,,,FALSE,
,,,,0.00,,,FALSE,,,,,,,FALSE,
,,,,0.00,,,FALSE,,,,,,,FALSE,
,,,,0.00,,,FALSE,,,,,,,FALSE,
,,,,0.00,,,FALSE,,,,,,,FALSE,
,,,,0.00,,,FALSE,,,,,,,FALSE,
,,,,0.00,,,FALSE,,,,,,,FALSE,
,,,,0.00,,,FALSE,,,,,,,FALSE,
,,,,0.00,,,FALSE,,,,,,,FALSE,
,,,,0.00,,,FALSE,,,,,,,FALSE,
,,,,0.00,,,FALSE,,,,,,,FALSE,
,,,,0.00,,,FALSE,,,,,,,FALSE,
,,,,0.00,,,FALSE,,,,,,,FALSE,
,,,,0.00,,,FALSE,,,,,,,FALSE,
,,,,0.00,,,FALSE,,,,,,,FALSE,
,,,,0.00,,,FALSE,,,,,,,FALSE,
,,,,0.00,,,FALSE,,,,,,,FALSE,
,,,,0.00,,,FALSE,,,,,,,FALSE,
,,,,0.00,,,FALSE,,,,,,,FALSE,
,,,,0.00,,,FALSE,,,,,,,FALSE,
,,,,0.00,,,FALSE,,,,,,,FALSE,
,,,,0.00,,,FALSE,,,,,,,FALSE,
,,,,0.00,,,FALSE,,,,,,,FALSE,
,,,,0.00,,,FALSE,,,,,,,FALSE,
,,,,0.00,,,FALSE,,,,,,,FALSE,
,,,,0.00,,,FALSE,,,,,,,FALSE,
,,,,0.00,,,FALSE,,,,,,,FALSE,
,,,,0.00,,,FALSE,,,,,,,FALSE,
,,,,0.00,,,FALSE,,,,,,,FALSE,
,,,,0.00,,,FALSE,,,,,,,FALSE,
,,,,0.00,,,FALSE,,,,,,,FALSE,
,,,,0.00,,,FALSE,,,,,,,FALSE,
,,,,0.00,,,FALSE,,,,,,,FALSE,
,,,,0.00,,,FALSE,,,,,,,FALSE,
,,,,0.00,,,FALSE,,,,,,,FALSE,
,,,,0.00,,,FALSE,,,,,,,FALSE,
,,,,0.00,,,FALSE,,,,,,,FALSE,
,,,,0.00,,,FALSE,,,,,,,FALSE,
,,,,0.00,,,FALSE,,,,,,,FALSE,
,,,,0.00,,,FALSE,,,,,,,FALSE,
,,,,0.00,,,FALSE,,,,,,,FALSE,
,,,,0.00,,,FALSE,,,,,,,FALSE,
,,,,0.00,,,FALSE,,,,,,,FALSE,
,,,,0.00,,,FALSE,,,,,,,FALSE,
,,,,0.00,,,FALSE,,,,,,,FALSE,
,,,,0.00,,,FALSE,,,,,,,FALSE,
,,,,0.00,,,FALSE,,,,,,,FALSE,
,,,,0.00,,,FALSE,,,,,,,FALSE,
,,,,0.00,,,FALSE,,,,,,,FALSE,
,,,,0.00,,,FALSE,,,,,,,FALSE,
,,,,0.00,,,FALSE,,,,,,,FALSE,
,,,,0.00,,,FALSE,,,,,,,FALSE,
,,,,0.00,,,FALSE,,,,,,,FALSE,
,,,,0.00,,,FALSE,,,,,,,FALSE,
,,,,0.00,,,FALSE,,,,,,,FALSE,
,,,,0.00,,,FALSE,,,,,,,FALSE,
,,,,0.00,,,FALSE,,,,,,,FALSE,
,,,,0.00,,,FALSE,,,,,,,FALSE,
,,,,0.00,,,FALSE,,,,,,,FALSE,
,,,,0.00,,,FALSE,,,,,,,FALSE,
,,,,0.00,,,FALSE,,,,,,,FALSE,
,,,,0.00,,,FALSE,,,,,,,FALSE,
,,,,0.00,,,FALSE,,,,,,,FALSE,
,,,,0.00,,,FALSE,,,,,,,FALSE,
,,,,0.00,,,FALSE,,,,,,,FALSE,
,,,,0.00,,,FALSE,,,,,,,FALSE,
,,,,0.00,,,FALSE,,,,,,,FALSE,
,,,,0.00,,,FALSE,,,,,,,FALSE,
,,,,0.00,,,FALSE,,,,,,,FALSE,
,,,,0.00,,,FALSE,,,,,,,FALSE,
,,,,0.00,,,FALSE,,,,,,,FALSE,
,,,,0.00,,,FALSE,,,,,,,FALSE,
,,,,0.00,,,FALSE,,,,,,,FALSE,
,,,,0.00,,,FALSE,,,,,,,FALSE,
,,,,0.00,,,FALSE,,,,,,,FALSE,
,,,,0.00,,,FALSE,,,,,,,FALSE,
,,,,0.00,,,FALSE,,,,,,,FALSE,
,,,,0.00,,,FALSE,,,,,,,FALSE,
,,,,0.00,,,FALSE,,,,,,,FALSE,
,,,,0.00,,,FALSE,,,,,,,FALSE,
,,,,0.00,,,FALSE,,,,,,,FALSE,
,,,,0.00,,,FALSE,,,,,,,FALSE,
,,,,0.00,,,FALSE,,,,,,,FALSE,
,,,,0.00,,,FALSE,,,,,,,FALSE,
,,,,0.00,,,FALSE,,,,,,,FALSE,
,,,,0.00,,,FALSE,,,,,,,FALSE,
,,,,0.00,,,FALSE,,,,,,,FALSE,
,,,,0.00,,,FALSE,,,,,,,FALSE,
,,,,0.00,,,FALSE,,,,,,,FALSE,
,,,,0.00,,,FALSE,,,,,,,FALSE,
,,,,0.00,,,FALSE,,,,,,,FALSE,
,,,,0.00,,,FALSE,,,,,,,FALSE,
,,,,0.00,,,FALSE,,,,,,,FALSE,
,,,,0.00,,,FALSE,,,,,,,FALSE,
,,,,0.00,,,FALSE,,,,,,,FALSE,
,,,,0.00,,,FALSE,,,,,,,FALSE,
,,,,0.00,,,FALSE,,,,,,,FALSE,
,,,,0.00,,,FALSE,,,,,,,FALSE,
,,,,0.00,,,FALSE,,,,,,,FALSE,
,,,,0.00,,,FALSE,,,,,,,FALSE,
,,,,0.00,,,FALSE,,,,,,,FALSE,
,,,,0.00,,,FALSE,,,,,,,FALSE,
,,,,0.00,,,FALSE,,,,,,,FALSE,
,,,,0.00,,,FALSE,,,,,,,FALSE,
,,,,0.00,,,FALSE,,,,,,,FALSE,
,,,,0.00,,,FALSE,,,,,,,FALSE,
,,,,0.00,,,FALSE,,,,,,,FALSE,
,,,,0.00,,,FALSE,,,,,,,FALSE,
,,,,0.00,,,FALSE,,,,,,,FALSE,
,,,,0.00,,,FALSE,,,,,,,FALSE,
,,,,0.00,,,FALSE,,,,,,,FALSE,
,,,,0.00,,,FALSE,,,,,,,FALSE,
,,,,0.00,,,FALSE,,,,,,,FALSE,
,,,,0.00,,,FALSE,,,,,,,FALSE,
,,,,0.00,,,FALSE,,,,,,,FALSE,
,,,,0.00,,,FALSE,,,,,,,FALSE,
,,,,0.00,,,FALSE,,,,,,,FALSE,
,,,,0.00,,,FALSE,,,,,,,FALSE,
,,,,0.00,,,FALSE,,,,,,,FALSE,
,,,,0.00,,,FALSE,,,,,,,FALSE,
,,,,0.00,,,FALSE,,,,,,,FALSE,
,,,,0.00,,,FALSE,,,,,,,FALSE,
,,,,0.00,,,FALSE,,,,,,,FALSE,
,,,,0.00,,,FALSE,,,,,,,FALSE,
,,,,0.00,,,FALSE,,,,,,,FALSE,
,,,,0.00,,,FALSE,,,,,,,FALSE,
,,,,0.00,,,FALSE,,,,,,,FALSE,
,,,,0.00,,,FALSE,,,,,,,FALSE,
,,,,0.00,,,FALSE,,,,,,,FALSE,
,,,,0.00,,,FALSE,,,,,,,FALSE,
,,,,0.00,,,FALSE,,,,,,,FALSE,
,,,,0.00,,,FALSE,,,,,,,FALSE,
,,,,0.00,,,FALSE,,,,,,,FALSE,
,,,,0.00,,,FALSE,,,,,,,FALSE,
,,,,0.00,,,FALSE,,,,,,,FALSE,
,,,,0.00,,,FALSE,,,,,,,FALSE,
,,,,0.00,,,FALSE,,,,,,,FALSE,
,,,,0.00,,,FALSE,,,,,,,FALSE,
,,,,0.00,,,FALSE,,,,,,,FALSE,
,,,,0.00,,,FALSE,,,,,,,FALSE,
,,,,0.00,,,FALSE,,,,,,,FALSE,
,,,,0.00,,,FALSE,,,,,,,FALSE,
,,,,0.00,,,FALSE,,,,,,,FALSE,
,,,,0.00,,,FALSE,,,,,,,FALSE,
,,,,0.00,,,FALSE,,,,,,,FALSE,
,,,,0.00,,,FALSE,,,,,,,FALSE,
,,,,0.00,,,FALSE,,,,,,,FALSE,
,,,,0.00,,,FALSE,,,,,,,FALSE,
,,,,0.00,,,FALSE,,,,,,,FALSE,
,,,,0.00,,,FALSE,,,,,,,FALSE,
,,,,0.00,,,FALSE,,,,,,,FALSE,
,,,,0.00,,,FALSE,,,,,,,FALSE,
,,,,0.00,,,FALSE,,,,,,,FALSE,
,,,,0.00,,,FALSE,,,,,,,FALSE,
,,,,0.00,,,FALSE,,,,,,,FALSE,
,,,,0.00,,,FALSE,,,,,,,FALSE,
,,,,0.00,,,FALSE,,,,,,,FALSE,
,,,,0.00,,,FALSE,,,,,,,FALSE,
,,,,0.00,,,FALSE,,,,,,,FALSE,
,,,,0.00,,,FALSE,,,,,,,FALSE,
,,,,0.00,,,FALSE,,,,,,,FALSE,
,,,,0.00,,,FALSE,,,,,,,FALSE,
,,,,0.00,,,FALSE,,,,,,,FALSE,
,,,,0.00,,,FALSE,,,,,,,FALSE,
,,,,0.00,,,FALSE,,,,,,,FALSE,
,,,,0.00,,,FALSE,,,,,,,FALSE,
,,,,0.00,,,FALSE,,,,,,,FALSE,
,,,,0.00,,,FALSE,,,,,,,FALSE,
,,,,0.00,,,FALSE,,,,,,,FALSE,
,,,,0.00,,,FALSE,,,,,,,FALSE,
,,,,0.00,,,FALSE,,,,,,,FALSE,
,,,,0.00,,,FALSE,,,,,,,FALSE,
,,,,0.00,,,FALSE,,,,,,,FALSE,
,,,,0.00,,,FALSE,,,,,,,FALSE,
,,,,0.00,,,FALSE,,,,,,,FALSE,
,,,,0.00,,,FALSE,,,,,,,FALSE,
,,,,0.00,,,FALSE,,,,,,,FALSE,
,,,,0.00,,,FALSE,,,,,,,FALSE,
,,,,0.00,,,FALSE,,,,,,,FALSE,
,,,,0.00,,,FALSE,,,,,,,FALSE,
,,,,0.00,,,FALSE,,,,,,,FALSE,
,,,,0.00,,,FALSE,,,,,,,FALSE,
,,,,0.00,,,FALSE,,,,,,,FALSE,
,,,,0.00,,,FALSE,,,,,,,FALSE,
,,,,0.00,,,FALSE,,,,,,,FALSE,
,,,,0.00,,,FALSE,,,,,,,FALSE,
,,,,0.00,,,FALSE,,,,,,,FALSE,
,,,,0.00,,,FALSE,,,,,,,FALSE,
,,,,0.00,,,FALSE,,,,,,,FALSE,
,,,,0.00,,,FALSE,,,,,,,FALSE,
,,,,0.00,,,FALSE,,,,,,,FALSE,
,,,,0.00,,,FALSE,,,,,,,FALSE,
,,,,0.00,,,FALSE,,,,,,,FALSE,
,,,,0.00,,,FALSE,,,,,,,FALSE,
,,,,0.00,,,FALSE,,,,,,,FALSE,
,,,,0.00,,,FALSE,,,,,,,FALSE,
,,,,0.00,,,FALSE,,,,,,,FALSE,
,,,,0.00,,,FALSE,,,,,,,FALSE,
,,,,0.00,,,FALSE,,,,,,,FALSE,
,,,,0.00,,,FALSE,,,,,,,FALSE,
,,,,0.00,,,FALSE,,,,,,,FALSE,
,,,,0.00,,,FALSE,,,,,,,FALSE,
,,,,0.00,,,FALSE,,,,,,,FALSE,
,,,,0.00,,,FALSE,,,,,,,FALSE,
,,,,0.00,,,FALSE,,,,,,,FALSE,
,,,,0.00,,,FALSE,,,,,,,FALSE,
,,,,0.00,,,FALSE,,,,,,,FALSE,
,,,,0.00,,,FALSE,,,,,,,FALSE,
,,,,0.00,,,FALSE,,,,,,,FALSE,
,,,,0.00,,,FALSE,,,,,,,FALSE,
,,,,0.00,,,FALSE,,,,,,,FALSE,
,,,,0.00,,,FALSE,,,,,,,FALSE,
,,,,0.00,,,FALSE,,,,,,,FALSE,
,,,,0.00,,,FALSE,,,,,,,FALSE,
,,,,0.00,,,FALSE,,,,,,,FALSE,
,,,,0.00,,,FALSE,,,,,,,FALSE,
,,,,0.00,,,FALSE,,,,,,,FALSE,
,,,,0.00,,,FALSE,,,,,,,FALSE,
,,,,0.00,,,FALSE,,,,,,,FALSE,
,,,,0.00,,,FALSE,,,,,,,FALSE,
,,,,0.00,,,FALSE,,,,,,,FALSE,
,,,,0.00,,,FALSE,,,,,,,FALSE,
,,,,0.00,,,FALSE,,,,,,,FALSE,
,,,,0.00,,,FALSE,,,,,,,FALSE,
,,,,0.00,,,FALSE,,,,,,,FALSE,
,,,,0.00,,,FALSE,,,,,,,FALSE,
,,,,0.00,,,FALSE,,,,,,,FALSE,
,,,,0.00,,,FALSE,,,,,,,FALSE,
,,,,0.00,,,FALSE,,,,,,,FALSE,
,,,,0.00,,,FALSE,,,,,,,FALSE,
,,,,0.00,,,FALSE,,,,,,,FALSE,
,,,,0.00,,,FALSE,,,,,,,FALSE,
,,,,0.00,,,FALSE,,,,,,,FALSE,
,,,,0.00,,,FALSE,,,,,,,FALSE,
,,,,0.00,,,FALSE,,,,,,,FALSE,
,,,,0.00,,,FALSE,,,,,,,FALSE,
,,,,0.00,,,FALSE,,,,,,,FALSE,
,,,,0.00,,,FALSE,,,,,,,FALSE,
,,,,0.00,,,FALSE,,,,,,,FALSE,
,,,,0.00,,,FALSE,,,,,,,FALSE,
,,,,0.00,,,FALSE,,,,,,,FALSE,
,,,,0.00,,,FALSE,,,,,,,FALSE,
,,,,0.00,,,FALSE,,,,,,,FALSE,
,,,,0.00,,,FALSE,,,,,,,FALSE,
,,,,0.00,,,FALSE,,,,,,,FALSE,
,,,,0.00,,,FALSE,,,,,,,FALSE,
,,,,0.00,,,FALSE,,,,,,,FALSE,
,,,,0.00,,,FALSE,,,,,,,FALSE,
,,,,0.00,,,FALSE,,,,,,,FALSE,
,,,,0.00,,,FALSE,,,,,,,FALSE,
,,,,0.00,,,FALSE,,,,,,,FALSE,
,,,,0.00,,,FALSE,,,,,,,FALSE,
,,,,0.00,,,FALSE,,,,,,,FALSE,
,,,,0.00,,,FALSE,,,,,,,FALSE,
,,,,0.00,,,FALSE,,,,,,,FALSE,
,,,,0.00,,,FALSE,,,,,,,FALSE,